H,S,V,Culoare
60.51942008233399,94.64524789690353,161.5111866833721,Verde
58.7055576703464,131.50038066235248,152.44029945438396,Verde
57.483067172062384,138.04753619586157,155.90281488846082,Verde
57.91523019082074,153.61970632049372,161.0267432787118,Verde
58.90304238664894,157.87498153891596,175.40865455619553,Verde
60.04935704935705,158.8961268961269,185.47693847693847,Verde
61.09254788347015,160.80315467568002,190.34677289554162,Verde
61.5357689039932,166.54732370433305,192.8412064570943,Verde
61.56673013674918,167.6461831400381,194.31746581270556,Verde
61.228336827393434,168.54987770789657,195.04996505939903,Verde
61.604655263621936,168.5991006877094,198.99955916064187,Verde
62.609612817089456,169.72443257676903,201.73377837116155,Verde
63.078360891445,171.522016534867,202.11601365923795,Verde
63.52242791028836,170.3434496262015,203.0064969740121,Verde
63.391553517898075,170.56753658966673,201.46843590195732,Verde
63.768135291499775,171.1072541165999,200.8194036493102,Verde
64.40224618149146,171.7789757412399,204.11015274034142,Verde
65.2691156462585,174.27854875283447,206.81614512471654,Verde
65.29101527403414,175.15354896675652,206.9486073674753,Verde
65.44043126684636,175.65238095238095,206.8236298292902,Verde
66.37197278911565,176.16571428571427,210.2162358276644,Verde
66.51159029649595,176.24115004492364,210.8021563342318,Verde
66.82269692923899,177.98584779706275,209.89684023141967,Verde
67.16238317757009,179.70165348670022,208.6822429906542,Verde
67.45507637017072,180.8325247079964,207.60242587601078,Verde
66.95767195767196,180.68456790123457,204.74876543209876,Verde
66.94479385045423,180.94068832983928,203.1021139063592,Verde
66.6868616929202,181.56872078933702,200.37675263977843,Verde
66.68902544573308,181.70841267093647,196.34646010039813,Verde
67.54421279654925,184.75952552120776,186.5452911574407,Verde
67.77488431176845,185.55176481263044,183.28536430450959,Verde
66.67078334509527,184.72812279463656,181.02408256880733,Verde
66.15410839160839,183.8743006993007,173.60314685314685,Verde
66.46389824167602,185.9337822671156,155.5545267489712,Verde
64.78258190407723,177.59094176851187,141.78710074971758,Verde
61.71190130624093,161.6075229801645,131.90940977261732,Verde
60.59701492537314,149.2599267811884,128.23584905660377,Verde
60.66541964866623,138.41021470396876,126.36792452830188,Verde
61.14901809780516,127.81844435887562,124.7828263380824,Verde
59.36108299595141,124.88917004048584,118.18901821862349,Verde
56.96296296296296,117.35778496943546,112.63825961884214,Verde
99.18888888888888,120.11111111111111,199.83968253968254,Albastru
98.03793293018141,142.35184167124794,213.42770753161076,Albastru
97.45597638957206,140.6817511067388,211.88391539596654,Albastru
96.1820204717401,147.3293279928794,218.4076546506453,Albastru
96.05355814530127,166.09223902801884,230.9293330027275,Albastru
96.04722838137472,178.53059866962306,229.94235033259423,Albastru
96.1039806547619,176.19661458333334,233.34840029761904,Albastru
96.30243506493507,181.0340909090909,237.4724025974026,Albastru
96.37244430881904,183.25038144644492,238.4061641745499,Albastru
95.96944137168141,179.97400442477877,238.33683628318585,Albastru
96.03921034717494,181.66780122532336,237.99686861810756,Albastru
95.93083730428863,181.02273655547992,237.8853641933288,Albastru
96.4384752829065,174.33889219773675,239.94365693865396,Albastru
96.17008695652174,170.75292753623188,241.05808695652175,Albastru
96.04193703436674,174.55335255948089,240.2929584234559,Albastru
96.75146198830409,160.8190383365822,242.2296946068876,Albastru
94.57969464164154,118.61927453077895,244.15686083827677,Albastru
94.16612158522508,115.09763370527126,241.92660638707196,Albastru
94.51269719122739,117.72133512889573,241.8181031165833,Albastru
94.55187347015628,119.28440971568443,242.24985878365655,Albastru
94.90921145685998,120.76723833097596,242.1525813295615,Albastru
95.127828854314,122.89639321074965,241.62897807637907,Albastru
95.51046831955922,124.16152433425161,243.8730945821855,Albastru
96.71232323232323,138.16171717171719,241.60282828282828,Albastru
98.05066844919786,176.94973262032084,240.2951871657754,Albastru
97.54865160349854,175.53972303206996,235.16654518950438,Albastru
97.03626126126126,180.25157657657658,234.59977477477477,Albastru
98.03338632750398,169.19713831478538,235.68892421833598,Albastru
98.79047619047618,136.6547619047619,222.84428571428572,Albastru
99.10665294924554,146.33504801097394,236.47222222222223,Albastru
97.61040285568588,176.87523372429033,237.37735849056602,Albastru
97.30848861283644,182.87758799171843,237.3203933747412,Albastru
97.29834644081468,167.5916515426497,240.19681387376488,Albastru
95.8931623931624,145.79190650619222,240.53130995988138,Albastru
96.20594220594221,149.9009361009361,242.06674806674806,Albastru
97.64968652037618,167.42084639498432,242.49451410658307,Albastru
100.16414950419527,203.74111365369947,243.91762013729976,Albastru
100.42499263188918,216.13734158561743,235.32773356911287,Albastru
100.0958503798948,219.54032729398014,227.35870835768557,Albastru
99.49065488264272,219.05744711677775,222.41038829324833,Albastru
99.72082166199813,218.30517848164908,220.6813905049199,Albastru
99.70767794297205,218.10730446024564,222.62148962148962,Albastru
99.83554131054132,220.1472222222222,220.68853276353278,Albastru
99.92309322033898,220.03185028248586,218.71920903954802,Albastru
100.08991596638656,218.959243697479,218.38970588235293,Albastru
100.08991596638656,218.959243697479,218.38970588235293,Albastru
100.18053221288515,218.2402661064426,218.9902661064426,Albastru
99.74603939936631,217.96762639482023,217.5334756853561,Albastru
99.65907354677408,217.74435724703105,217.37349815959442,Albastru
99.7549135356622,215.5646919924995,219.65060073616223,Albastru
98.58333333333333,212.03995901639345,220.06871584699454,Albastru
96.57546551271965,201.02235772357724,219.82382638342511,Albastru
94.00162479690039,177.92538432695912,222.08767654043245,Albastru
95.50104145669556,175.8511052879124,230.47040247261978,Albastru
98.25345474878185,201.44835849508746,237.61202971483345,Albastru
98.94337307152875,196.79102384291724,230.1960028050491,Albastru
98.94337307152875,196.79102384291724,230.1960028050491,Albastru
100.24166666666666,178.3369918699187,217.75243902439024,Albastru
93.21899668958493,151.0273745861981,204.7900432900433,Albastru
49.81445170660857,162.4927378358751,131.33769063180827,Verde
53.198690797073546,160.41162880246438,116.85175202156334,Verde
53.198690797073546,160.41162880246438,116.85175202156334,Verde
59.63247863247863,167.04847374847375,125.03577533577534,Verde
47.33915844298246,182.4672423245614,169.215117872807,Galben
65.64559736938253,178.87668980635732,140.6214833759591,Verde
69.44339622641509,198.7534797401794,161.7056913083823,Verde
69.19118518518519,196.75562962962962,162.31385185185187,Verde
61.69771498342927,200.28388278388277,175.4911913483342,Galben
69.95582474974611,201.42927607717974,161.1116349920209,Verde
71.53088071348941,208.7701226309922,162.88517279821627,Verde
72.67308845577212,210.53538230884558,169.10322338830585,Verde
73.70652173913044,211.63148425787105,172.97241379310344,Verde
73.40531977600943,207.99255820807545,178.1391099322134,Verde
72.11058541063484,203.15366146458584,178.90198432314102,Verde
72.11058541063484,203.15366146458584,178.90198432314102,Verde
71.58646988207047,200.6954311136219,176.0935668385001,Verde
71.80680838839415,199.3460930767021,178.71006894570525,Verde
72.25911315654905,199.03477244502886,183.1133757031193,Verde
72.1274746146541,198.64416684929506,185.10614361896413,Verde
72.63036014318065,198.202133099569,186.81941705018627,Verde
73.24085909631391,199.2861920332937,187.88495838287753,Verde
73.73600305110602,201.9580472921434,186.95179252479025,Verde
73.56067718353212,201.68156983455174,183.74297806848787,Verde
73.48926510196229,201.25994613312812,182.99923047325893,Verde
73.65288220551379,202.00219298245614,180.97540726817041,Verde
73.51100338565712,196.61795937211448,188.73399507540782,Verde
73.51100338565712,196.61795937211448,188.73399507540782,Verde
73.6813369630974,197.97360859044161,194.93715970961887,Verde
73.50766283524904,197.76783082817565,189.2502210433245,Verde
71.25946327683616,192.27457627118645,174.27627118644068,Verde
71.67769493631563,198.09141037589313,153.81787822305063,Verde
67.23887567186536,187.85531764913208,128.1926160895233,Verde
64.7577288941736,168.9683908045977,116.37029330162505,Verde
63.83252873563218,149.5909195402299,115.3228735632184,Verde
62.82520808561237,134.47577288941736,119.47473246135553,Verde
61.614750957854405,126.06819923371647,120.84521072796935,Verde
58.258166969147005,128.33847549909257,115.34777676950998,Verde
58.258166969147005,128.33847549909257,115.34777676950998,Verde
30.29498882265276,56.19700074515648,243.0492734724292,Galben
54.886853448275865,121.82183908045977,116.45761494252874,Verde
32.720017256255396,111.28947368421052,213.24201898188093,Galben
28.79141818181818,99.656,242.76785454545455,Galben
28.166119321291735,114.39586754241927,242.94991789819375,Galben
27.63378512396694,131.23021487603305,245.01143801652893,Galben
26.555177928828467,148.27229108356659,236.08889777422365,Galben
26.153159157557983,149.945481205012,230.5933084510797,Galben
26.219328397673188,149.13676626123745,228.33315705975673,Galben
26.31392604248623,148.53291371623394,226.43109100445844,Galben
26.224616604970915,148.62830512956108,224.0067424643046,Galben
96.35175438596491,114.81666666666666,191.29473684210527,Albastru
26.21350819672131,147.3104918032787,224.1681967213115,Galben
26.21350819672131,147.3104918032787,224.1681967213115,Galben
26.26681967213115,146.92931147540983,224.10773770491804,Galben
26.321365853658538,145.98549593495935,222.07310569105692,Galben
96.43982300884956,116.70176991150443,189.27522123893806,Albastru
26.40006557377049,145.2024918032787,222.66426229508195,Galben
95.22894736842105,112.70175438596492,189.5061403508772,Albastru
26.46491056910569,144.24760975609757,222.3501788617886,Galben
26.552458381726673,142.91379532842947,220.77306749257968,Galben
95.20836685438455,115.67497988736926,190.9903459372486,Albastru
26.497365853658536,142.04123577235774,221.27252032520326,Galben
93.20442477876107,113.84513274336283,197.67256637168143,Albastru
26.6317424643046,139.88551031200424,225.29600740349022,Galben
94.03908554572271,111.39085545722713,194.68141592920355,Albastru
26.51863143631436,140.45521680216802,224.334891598916,Galben
98.60633116883118,125.40016233766234,198.15097402597402,Albastru
26.51863143631436,140.45521680216802,224.334891598916,Galben
98.60633116883118,125.40016233766234,198.15097402597402,Albastru
26.43794988003199,139.6250333244468,223.20854438816315,Galben
96.49675324675324,123.02678571428571,200.78814935064935,Albastru
26.33032725285236,140.12837330053972,221.1835075493612,Galben
97.87061403508773,135.2580409356725,213.19590643274853,Albastru
26.257224841155974,140.10869713739154,218.54751656760266,Galben
99.36027568922306,149.68233082706766,216.75,Albastru
26.406963710242398,142.18207930503013,210.3944234272103,Galben
99.37668665667167,147.10382308845578,203.35044977511245,Albastru
26.238240418118465,144.4204413472706,186.06380662020905,Galben
97.60678871090771,122.61467073480803,186.8372743452835,Albastru
25.949032258064516,149.95983870967743,162.4275806451613,Galben
97.25939207650273,185.33555327868854,238.6830601092896,Albastru
25.667905038057267,142.1745197535339,145.76359188111635,Galben
96.8462197210668,188.51773917298752,239.68595546855886,Albastru
26.569723165586087,131.42698363692497,140.0555727076258,Galben
96.09582357533178,181.3932474629196,238.01346604215456,Albastru
28.00538962497193,117.05277341118347,142.13170896025153,Galben
94.86731748726655,159.8953310696095,234.98565365025468,Albastru
28.80150241914948,113.01107715813598,141.76776165011458,Galben
95.27044897959183,143.17044897959184,234.46048979591836,Albastru
28.668875192604006,102.7497688751926,141.92650231124807,Galben
94.65131828888383,135.6567130157283,236.83572676848263,Albastru
26.263984915147706,109.05813953488372,139.85826524198617,Galben
94.84618768328446,130.55447214076247,236.566642228739,Albastru
29.512025442258,106.25223613595706,145.25303120651958,Galben
95.02089761570828,135.8553997194951,235.2156381486676,Albastru
29.804878048780488,112.10027100271003,145.8884719616427,Galben
95.47056030389363,137.66693800027133,233.98093881427215,Albastru
31.808185200496073,115.70690367920628,147.82327408019842,Galben
95.44356955380577,144.0003937007874,232.3530839895013,Albastru
32.12535612535613,117.58428300094967,148.47459639126305,Galben
96.50252864733372,153.7425260866782,231.55201331540874,Albastru
32.10432378079437,115.33660130718954,149.57290095525389,Galben
96.47026209677419,155.10842993951613,230.89547631048387,Albastru
25.4296066252588,126.46273291925466,134.06832298136646,Galben
26.337777777777777,103.61259259259259,147.1688888888889,Galben
97.69427549194991,166.92331544424567,229.1906976744186,Albastru
25.4296066252588,126.46273291925466,134.06832298136646,Galben
26.337777777777777,103.61259259259259,147.1688888888889,Galben
97.69427549194991,166.92331544424567,229.1906976744186,Albastru
27.80263157894737,122.30263157894737,132.0622009569378,Galben
29.586921850079744,105.21610845295056,144.73923444976077,Galben
97.87598355842631,177.67827363476218,229.23992953611275,Albastru
96.97136134067952,191.04952938475665,228.76865243342516,Albastru
97.18327774323025,190.9995477415343,228.21629261122732,Albastru
96.82299734298151,194.61461925490417,228.67556108315904,Albastru
96.92805010893247,194.07472766884533,227.28442265795206,Albastru
96.92805010893247,194.07472766884533,227.28442265795206,Albastru
96.88562687848862,195.72998067840274,225.69015671962217,Albastru
96.0958605664488,197.84090413943355,224.89330065359476,Albastru
94.89968870759982,196.88696865607557,220.39206741090598,Albastru
95.27962644911979,198.6886002576213,216.25327393731214,Albastru
95.37298474945534,200.8315359477124,212.534477124183,Albastru
95.12952069716776,200.83197167755992,212.54842047930282,Albastru
95.63482587064676,202.86721945826423,212.34085129906026,Albastru
96.43990573448546,204.71288295365278,211.15301312983954,Albastru
96.45769980506823,203.12486772486773,206.41654135338345,Albastru
94.54778992936888,198.63778765094554,188.55023923444975,Albastru
91.61407249466951,194.12751717602464,169.18005212035064,Albastru
95.93143163251641,193.26797910807554,150.2191643230213,Albastru
94.12378917378918,191.76631054131053,138.82606837606838,Albastru
94.66809954751132,185.38197586726997,134.02745098039216,Albastru
97.08536376115305,177.77736787920384,129.96079272477695,Albastru
97.3351219512195,163.26956097560975,130.27063414634145,Albastru
97.768039049236,149.68442275042446,136.47347198641765,Albastru
99.95065104166666,144.91809895833333,138.01901041666667,Albastru
99.95065104166666,144.91809895833333,138.01901041666667,Albastru
100.44190719766168,133.6804895871392,138.3533065400073,Albastru
101.59479401516704,134.3619594179135,134.88522238163557,Albastru
101.93940734188412,121.4296771340115,136.58337019018134,Albastru
102.30495495495495,117.64121621621622,136.66531531531533,Albastru
102.30495495495495,117.64121621621622,136.66531531531533,Albastru
101.97731481481482,128.5224537037037,133.46157407407406,Albastru
101.10190476190476,132.94190476190477,131.14238095238096,Albastru
99.35865272938443,134.50871080139373,128.51265969802554,Albastru
100.07747223691169,124.90084611316763,127.95531464833421,Albastru
104.23646723646723,96.51408673630895,134.32383665716998,Albastru
100.07836990595611,85.66429182103164,141.63550869193503,Albastru
103.70250896057348,116.73835125448029,121.52240143369175,Albastru
96.72324123519851,97.8082191780822,111.58254005107963,Albastru
96.68721951219513,98.38360975609756,106.29453658536585,Albastru
96.875,97.29615384615384,121.34038461538462,Albastru
96.82868757259001,99.24823144335339,109.04334283602576,Albastru
97.0597667638484,98.61710398445092,105.49902818270165,Albastru
23.292303084755915,125.31027253668763,205.0034441449536,Galben
97.08915906788248,100.00202634245187,139.14589665653494,Albastru
86.51624127221353,90.35027905564766,121.11923499054247,Albastru
22.903804193150556,119.34038516269804,207.50450621383172,Galben
82.91070915877117,90.90974734424347,126.1248205569911,Albastru
25.11484593837535,118.82567693744164,211.84285714285716,Galben
72.35337497260574,82.36972386587772,129.75855796625027,Albastru
27.12727272727273,114.42063636363636,214.05336363636363,Galben
97.33106575963718,99.20975056689342,148.2713529856387,Albastru
81.33733502461418,88.54857902207725,125.71076077436501,Albastru
26.80277349768875,111.90023112480739,224.64406779661016,Galben
29.691308243727597,107.54623655913979,219.49068100358423,Galben
97.15296566077004,99.48595213319459,144.16389177939647,Albastru
85.07322291235334,91.46792615596964,121.49927536231884,Albastru
27.50700682716493,97.23830398850161,224.13266259432268,Galben
96.95722222222223,98.86055555555555,144.73833333333334,Albastru
97.0404411764706,99.48214285714286,139.5530462184874,Albastru
96.94794794794795,99.37137137137137,103.26526526526527,Albastru
86.00348447044652,89.24548309386562,120.16731910866386,Albastru
27.92372333548804,93.90792214321625,243.6701860231272,Galben
84.35994663772442,89.00042961154072,119.61839189616967,Albastru
28.242084120982987,87.81805293005671,244.74468336483932,Galben
91.32873472605439,90.17067402443831,121.88687426093811,Albastru
96.36931637519872,99.01605723370429,108.54817170111288,Albastru
96.49410417087797,98.53493699885452,105.55198436763021,Albastru
96.1176842771275,98.13888010123378,107.64330907940526,Albastru
96.53231292517007,98.1329931972789,105.15238095238095,Albastru
96.38925170068028,98.22571428571429,106.3273469387755,Albastru
96.32514285714285,97.98057142857142,107.20628571428571,Albastru
31.701659451659452,89.90277777777777,238.16919191919192,Galben
28.969511811023622,101.75118110236221,244.58570078740158,Galben
28.384483916254656,124.07794665201733,247.56851614478424,Galben
28.06243699596774,140.10672883064515,246.05519153225808,Galben
28.02705105410211,145.5528956057912,245.83096266192533,Galben
27.211242603550296,149.15775147928994,233.9003550295858,Galben
26.644353693181817,151.08830492424244,222.05823863636363,Galben
26.62014678030303,151.95170454545453,220.37328361742425,Galben
26.765918703007518,152.03095629699249,219.51233552631578,Galben
27.215034965034967,151.4431818181818,218.4373543123543,Galben
26.662523674242426,152.9606415719697,218.64997632575756,Galben
26.852302090674183,150.95131548038526,222.90045806906272,Galben
26.96983646274985,151.36608116293155,228.87910357359175,Galben
26.76061799093295,150.95472440944883,227.40700310188498,Galben
26.637864191729324,151.1079064849624,224.4231672932331,Galben
26.835993111366246,149.88358208955225,224.0146383467279,Galben
26.933653846153845,149.84700226244343,225.21255656108596,Galben
27.246144558476484,148.13731408814004,226.29575764228088,Galben
27.425661375661377,146.68074074074073,228.22708994708995,Galben
27.30804702543833,146.1818688557819,225.4265734265734,Galben
27.452926587301587,145.9934523809524,222.2391369047619,Galben
27.470058445913576,145.22894509916642,218.58565679793043,Galben
27.60771689497717,143.74917808219178,216.327899543379,Galben
27.77609977324263,144.3269387755102,212.74063492063493,Galben
27.803990070791578,144.8379148662315,212.3682541141859,Galben
27.967792792792793,143.2924774774775,209.92923423423423,Galben
28.13645020859786,143.6922274623617,205.39728822782513,Galben
28.141356167553806,143.51941680166627,204.03415875954641,Galben
28.02224099099099,143.25990052552552,202.9394237987988,Galben
27.92239149180799,143.43839225831178,201.07368017629588,Galben
28.003907946157188,141.6065518405944,204.31837699618853,Galben
97.41238253178551,98.04754007739082,106.20287451630735,Albastru
28.067557066537155,140.513404565323,204.27795046138903,Galben
96.66643356643357,96.68881118881119,113.3986013986014,Albastru
97.47006802721089,99.41428571428571,107.47142857142858,Albastru
27.92661870503597,141.14710989828828,199.9579756884148,Galben
97.15517241379311,99.4104013566987,109.95477671000565,Albastru
97.91551104262969,99.26142783769902,108.2573189522342,Albastru
27.999391912435392,140.6243539069626,199.14938684503903,Galben
97.73277074542898,98.66777175005024,109.71629495680129,Albastru
97.95389125799574,98.54690831556503,106.52318763326225,Albastru
28.001276096166606,140.0813128477362,199.59078148129242,Galben
90.06195908733281,87.89319433516916,124.07769472856019,Albastru
97.78569121447029,99.68346253229974,109.10594315245478,Albastru
98.08845577211395,98.9455272363818,107.09695152423788,Albastru
28.032692505397346,139.78503135601932,199.44515266783182,Galben
92.07288188976378,91.61442519685039,119.13933858267717,Albastru
98.07578271932736,99.57616993030203,108.03617656820445,Albastru
27.973798674399337,138.61852734051368,197.84092792046397,Galben
97.987246225924,99.45575221238938,109.49817803227485,Albastru
96.57086486486486,96.77475675675676,112.95097297297298,Albastru
28.031403234220136,138.4094940010433,195.99040166927492,Galben
91.94949494949495,90.18894830659536,122.33363042186572,Albastru
97.89508863702412,98.98023830281895,109.48793955245569,Albastru
98.1950623982637,99.29503526858383,108.1462289744981,Albastru
98.59943181818181,98.93323863636364,108.27897727272727,Albastru
28.03330706593118,137.9659049120042,196.7946414499606,Galben
93.76905487804878,94.05330602134147,117.14677019817073,Albastru
98.11590145576707,100.05748413587159,109.35423665546845,Albastru
28.006033661479837,137.64242616703714,198.98798560389542,Galben
87.41346343386556,90.19735199421775,120.39772652605296,Albastru
98.48485940879596,99.52451333813987,108.29740447007931,Albastru
28.024761904761906,137.05037037037036,200.20328042328043,Galben
83.85452559038575,87.64110429447852,123.24531473233044,Albastru
98.54728813559322,99.48237288135593,108.44389830508474,Albastru
28.046230627790912,136.5852377199895,198.53953244024166,Galben
85.26503868471954,88.41561895551257,121.0477756286267,Albastru
27.987579957356076,137.05309168443497,196.87340085287846,Galben
89.5035332314744,91.71065699006876,118.91450216450217,Albastru
28.087737328933844,137.5288581165143,193.59165900362416,Galben
98.2381161971831,100.26320422535211,109.22491197183099,Albastru
92.92839075745147,92.98174733388024,117.8659420289855,Albastru
98.96524064171123,98.4144385026738,109.02139037433155,Albastru
78.33862433862434,129.67548500881836,191.94620811287479,Verde
28.10001622761941,136.77930437604803,191.16498079731704,Galben
90.49872754491018,91.8189371257485,119.18510479041916,Albastru
98.47156605424323,99.81469816272966,108.33385826771654,Albastru
78.33928571428571,132.47883597883597,195.56746031746033,Verde
28.227162933684674,137.25960693895476,186.77003732981993,Galben
98.20887445887446,99.75541125541126,110.55122655122655,Albastru
89.74001731601732,92.11733333333333,119.13960173160173,Albastru
98.52332361516035,99.14771622934889,109.32669258179462,Albastru
77.2734375,140.2890625,204.7119140625,Verde
27.978323379783234,137.26929882769298,185.3227715107277,Galben
88.57699196134783,90.7725852805198,121.05235536673747,Albastru
98.43210178615121,98.93874887855803,109.2150721800832,Albastru
77.80836397058823,147.56066176470588,206.02757352941177,Verde
27.963222908478382,138.5752947782145,182.76996069623806,Galben
89.65515056524494,91.77660319471771,119.65171574348885,Albastru
98.76560788608981,99.76615553121577,110.76560788608981,Albastru
78.6639038541235,150.71114794861168,208.2639867384998,Verde
27.80778588807786,139.9195948622192,179.4698127086516,Galben
98.27211934156378,100.28600823045268,109.76234567901234,Albastru
98.53061224489795,100.10398445092322,107.8153547133139,Albastru
86.63116242864557,89.05534509600415,122.13383497664763,Albastru
77.38090204369274,150.75828047921073,217.49859055673008,Verde
27.72930937675463,139.1046041549691,181.87417181358788,Galben
87.26033915626098,90.73943729441446,120.52993964168238,Albastru
78.06829088224437,151.109265411591,214.78885197489848,Verde
27.590883947339307,139.84118818453368,180.68447837150129,Galben
86.47100187369116,89.67906976744186,124.34564091259782,Albastru
78.28192307692308,152.03153846153847,213.34230769230768,Verde
27.783518639633748,140.36587093961194,178.52790494876825,Galben
87.96177421440579,90.36942971679814,120.6507694297168,Albastru
78.35550708833152,152.77135587059252,214.14685568884042,Verde
27.940862795286087,140.1325121313923,178.06446968485042,Galben
82.07516193323369,89.04551569506727,129.4888639760837,Albastru
98.62881312483978,99.10561394514227,108.3560625480646,Albastru
98.17027863777089,98.0998452012384,112.00425696594428,Albastru
77.5407647907648,151.52886002886004,217.41558441558442,Verde
28.117123795404,140.08403049878217,178.38780048713332,Galben
87.68768413299664,89.30563446969697,122.04892676767676,Albastru
77.53813104189044,149.06838524883636,214.88184747583244,Verde
27.92188552188552,139.13089873089874,178.75400155400155,Galben
87.01738706532336,89.67194778463872,121.00403531578377,Albastru
77.49586466165414,147.5281954887218,214.44323308270677,Verde
27.907908268202387,139.41284450843276,180.03100575894695,Galben
87.38651020543847,90.08982115550828,120.66654477760787,Albastru
78.47885572139303,149.99917081260364,208.89593698175787,Verde
27.88934844771242,138.98697916666666,181.18928717320262,Galben
87.28752771618625,88.84193458980045,123.76241685144124,Albastru
77.90035118525022,148.43854258121158,210.7603160667252,Verde
27.863780518499873,138.5897306821042,183.65471935565066,Galben
98.3851095993953,99.98450491307634,108.08201058201058,Albastru
90.40405396104343,91.8596599903641,119.21642921054443,Albastru
78.85660580021482,149.671858216971,205.0580021482277,Verde
27.893204868154157,138.35689655172413,187.60415821501013,Galben
88.08015182945668,89.57704020832414,121.74855453060864,Albastru
98.47135416666667,98.68758979885058,110.18992456896552,Albastru
78.07954545454545,138.22916666666666,204.89204545454547,Verde
27.893204868154157,138.35689655172413,187.60415821501013,Galben
88.08015182945668,89.57704020832414,121.74855453060864,Albastru
98.47135416666667,98.68758979885058,110.18992456896552,Albastru
78.07954545454545,138.22916666666666,204.89204545454547,Verde
27.921277252159605,137.73421431509666,194.22953517071164,Galben
87.23154340414372,88.27917650144244,123.22954366640441,Albastru
79.28583545377438,120.50636132315522,188.93384223918576,Verde
27.919946147473073,136.75900994200498,201.00419428334715,Galben
92.69920006597394,92.39452416295563,118.76937984496124,Albastru
27.745449735449736,136.075291005291,206.71767195767197,Galben
84.71226141395633,87.3337608795236,123.351229195297,Albastru
27.355101131108263,135.11422521869952,216.6633420627403,Galben
89.9661111111111,88.88698412698413,125.10031746031746,Albastru
97.98026779422128,100.13460183227625,110.8185341789993,Albastru
98.27455621301775,98.9552268244576,108.31005917159763,Albastru
98.70636261261261,98.74436936936937,109.75225225225225,Albastru
27.70011481056257,133.800803673938,223.2808840413318,Galben
98.41823529411765,98.89176470588235,137.50764705882352,Albastru
94.3289806900918,94.36004273504274,116.82636910414688,Albastru
98.58423423423423,98.61981981981982,109.04774774774775,Albastru
27.70011481056257,133.800803673938,223.2808840413318,Galben
98.41823529411765,98.89176470588235,137.50764705882352,Albastru
94.3289806900918,94.36004273504274,116.82636910414688,Albastru
98.58423423423423,98.61981981981982,109.04774774774775,Albastru
27.74337121212121,134.26207386363637,223.61635890151516,Galben
93.06734289200732,93.15836638194021,118.34289200732154,Albastru
27.573076923076922,134.99810744810745,211.64236874236875,Galben
91.88807527550983,93.1142313184198,119.172811481712,Albastru
98.21368449633451,99.60915014933478,110.38351887048601,Albastru
27.423814970135975,137.632354810014,197.80817130512136,Galben
89.08111035464505,91.80980380021043,120.18335705885994,Albastru
78.4180790960452,143.64124293785312,200.340395480226,Verde
27.057697233606557,138.08753842213116,188.26037397540983,Galben
89.72272486772486,91.42637566137566,120.31396825396826,Albastru
77.90225988700566,159.92824858757064,215.29378531073445,Verde
27.261247306034484,144.66305226293105,168.16271551724137,Galben
89.56603330987568,91.65764850001304,120.63497276305158,Albastru
77.8653692348707,153.64249533457743,225.7800586510264,Verde
27.168708078156897,148.5861038203558,151.8426655001458,Galben
97.65795206971677,94.72113289760348,143.72549019607843,Albastru
98.14495798319328,99.40826330532212,110.80392156862744,Albastru
88.83298400441258,91.09721456150028,121.6523166023166,Albastru
74.97449386258569,142.14235612944364,226.16578989319305,Verde
29.607174103237096,144.4263898830828,143.38105464089716,Galben
88.39431792040487,92.81274442144007,123.538670347366,Albastru
76.3182561944834,139.82830762038336,224.1026180458158,Verde
27.93170911775563,137.37061646363972,136.65817644887412,Galben
98.75987841945289,99.47872340425532,141.21048632218844,Albastru
88.11391909525881,93.01683340582862,126.23170943888647,Albastru
77.84657749803304,140.42496066089694,224.9233870967742,Verde
29.20674113266706,124.77287869880462,141.18547912992358,Galben
98.43625,97.556875,141.255,Albastru
88.01013986013986,91.94042832167833,127.33127185314686,Albastru
98.77074542897327,99.20253164556962,109.79746835443038,Albastru
78.48706132577101,134.98865650478552,226.16421481744064,Verde
28.42558651026393,118.30816226783969,139.8809872922776,Galben
88.64951087431217,91.29452353917372,125.45886103589834,Albastru
80.07399033213784,121.03586464992983,228.79588336192108,Verde
28.914709677419356,118.57445161290323,141.63148387096774,Galben
97.32809523809524,93.56285714285714,143.02,Albastru
90.12934240362812,93.30984126984127,121.67222222222222,Albastru
82.06481481481481,112.02947530864198,228.3179012345679,Verde
32.19313832695462,119.61618370694369,147.35101148168397,Galben
97.98954248366013,94.31503267973856,119.42875816993464,Albastru
98.12198581560284,98.78439716312057,113.62269503546099,Albastru
83.06558585114223,87.54125075366785,132.01673142627453,Albastru
84.34708737864078,103.13648867313916,230.7626213592233,Verde
28.240840336134454,111.36924369747899,138.49899159663866,Galben
88.70889922870556,90.89807595573441,123.21336351441985,Albastru
82.49191086691087,101.97435897435898,230.39316239316238,Verde
27.425271425271426,125.37214137214137,133.13167013167012,Galben
87.02151339409004,90.62844518088926,123.3870753935377,Albastru
98.07853223593965,99.21913580246914,110.7681755829904,Albastru
81.35144173602853,122.44285077288941,230.3668252080856,Verde
28.492076966610075,126.6066779852858,136.71505376344086,Galben
98.91290322580645,90.19602977667493,123.38461538461539,Albastru
97.94017884674685,99.47340425531915,111.26110083256245,Albastru
98.33905415713195,99.2025171624714,107.59191456903127,Albastru
78.19271646228168,153.07164622816796,225.9028613898179,Verde
30.44611528822055,126.23402255639098,140.296992481203,Galben
97.86590154032014,99.3358501963153,114.04530353367562,Albastru
97.87519260400616,98.64791987673344,112.59052388289676,Albastru
98.01461432030439,99.17329643721895,110.11397440332065,Albastru
76.03542990722478,167.17780699831982,222.05369274600045,Verde
31.320450885668276,122.94444444444444,133.37600644122384,Galben
97.91326530612245,98.62845138055222,115.75330132052821,Albastru
97.90203106332139,99.0615292712067,110.47550776583034,Albastru
97.91152597402598,98.00121753246754,110.34334415584415,Albastru
74.21350235009258,180.51844466600198,216.73059393248826,Verde
31.320450885668276,122.94444444444444,133.37600644122384,Galben
97.91326530612245,98.62845138055222,115.75330132052821,Albastru
97.90203106332139,99.0615292712067,110.47550776583034,Albastru
97.91152597402598,98.00121753246754,110.34334415584415,Albastru
74.21350235009258,180.51844466600198,216.73059393248826,Verde
31.224279835390945,127.79732510288066,126.4753086419753,Galben
73.12382804361414,185.2320994513508,211.4894784360025,Verde
32.831932773109244,128.93802521008402,128.7468487394958,Galben
72.99063231850117,185.91128254580522,210.2470037195206,Verde
72.31311650226606,183.93188483071182,207.3376432951213,Verde
71.05744262295082,182.7270819672131,200.97940983606557,Verde
70.01489721571689,181.90996617226125,198.12275565964092,Verde
70.01489721571689,181.90996617226125,198.12275565964092,Verde
69.90076138856627,182.10323912762937,196.1398890179378,Verde
69.81670967741935,182.17329032258064,195.54251612903226,Verde
69.25672043010752,180.78174603174602,194.6399129544291,Verde
69.16653761775713,180.51890566524713,195.63059749645114,Verde
69.16327444956477,179.00857654889913,195.29237071172554,Verde
69.13730803974707,180.12633888243644,194.65943992773262,Verde
68.84671018945212,177.92057091653865,194.1649385560676,Verde
68.43192786385573,178.33261366522734,192.35598171196344,Verde
68.71480190992386,180.64485740095498,189.967415150342,Verde
68.19636456733231,179.21306963645674,189.36731950844853,Verde
68.30974193548387,179.7095483870968,189.93348387096773,Verde
68.3872112530649,180.77784230223256,188.9133436572461,Verde
68.54790243902438,182.20474796747968,187.53573983739838,Verde
67.7968509984639,180.482910906298,185.94188428059397,Verde
67.73297491039426,180.7280465949821,184.8655273937532,Verde
67.23412496824993,176.7797180594361,187.28708407416815,Verde
66.55916078629032,174.7273185483871,186.31924143145162,Verde
66.09758064516129,172.1682382133995,182.0832506203474,Verde
65.72791563275435,170.83808933002481,180.9636476426799,Verde
66.75454601874263,165.49649351455346,185.10972506671632,Verde
66.75454601874263,165.49649351455346,185.10972506671632,Verde
65.36828713003884,174.90431230748626,192.50649524574797,Verde
64.94121667805878,173.75174299384827,189.56575529733425,Verde
64.36011396011396,168.16965811965812,187.32927350427352,Verde
63.48942498347654,158.9171348314607,184.79965300727034,Verde
62.19281045751634,147.2525054466231,182.8921568627451,Verde
58.29281949934124,130.2831027667984,178.59288537549406,Verde
56.1,120.82931034482759,165.17068965517242,Verde
62.826,134.165,164.249,Verde
95.81229235880399,99.05924695459579,137.8499446290144,Albastru
98.57911392405063,100.01160337552743,142.10443037974684,Albastru
101.71378968253968,114.71478174603175,115.75644841269842,Albastru
100.00691244239631,157.88277649769586,115.55904377880184,Albastru
100.39435114503817,189.26282442748092,146.8796183206107,Albastru
99.55089531680441,203.38133608815426,158.3090909090909,Albastru
97.67391857506361,208.91539440203562,167.81558524173028,Albastru
96.91636840849439,210.4918277260797,175.55953233118586,Albastru
97.95276726158284,215.67550027041645,179.16747791599062,Albastru
98.57147183525136,219.2663234403392,184.5732889158086,Albastru
100.35271317829458,224.20967146548543,192.09203888273655,Albastru
100.92315573770492,232.76344774590163,201.76722592213116,Albastru
99.97209821428571,225.71657986111111,209.52926587301587,Albastru
99.97209821428571,225.71657986111111,209.52926587301587,Albastru
98.60364063417498,217.7808573106283,212.99183793305932,Albastru
98.54060227204424,213.26374947406384,211.2040031255635,Albastru
98.67014652014652,216.11697191697192,215.48748473748475,Albastru
98.60842490842491,216.62899877899878,217.46935286935286,Albastru
98.86935190793459,214.29406420351302,217.19127801332525,Albastru
98.84385221078135,214.2610539067232,219.14385221078135,Albastru
98.68732343571557,212.47899260684017,220.8594698563443,Albastru
99.69840688518586,214.33522553866814,224.28718793871695,Albastru
99.5282253179891,212.91508176862507,225.26444579043005,Albastru
100.1640625,217.7108125,229.7538125,Albastru
100.1640625,217.7108125,229.7538125,Albastru
100.59229390681004,223.03616231438812,230.22427035330261,Albastru
100.57027649769586,223.3790322580645,225.95154889912953,Albastru
100.02419819473785,215.7908584597657,226.5734588054542,Albastru
99.8935983995999,210.83839709927483,229.53682170542635,Albastru
106.60926773455378,122.44450800915332,116.63443935926773,Rosu
98.91726175818764,209.08717064762374,226.0179758680128,Albastru
108.54486586493987,130.23034227567067,118.62858464384828,Rosu
98.40986612873648,208.132648694908,220.8590989669295,Albastru
126.71598639455782,134.17993197278912,117.9095238095238,Rosu
97.74321017861512,207.60606802055298,217.0663078052361,Albastru
140.42803970223326,147.43672456575683,120.74875930521092,Rosu
97.24207905384375,206.98344226579522,216.9081232492997,Albastru
122.43830769230769,156.03353846153846,126.47476923076923,Rosu
95.52629935032483,201.23238380809596,213.33164667666168,Albastru
106.56082558775287,153.03130125751778,129.43193001640242,Rosu
96.03909915545825,196.97948076321552,212.1132937128558,Albastru
120.86571815718158,150.41869918699186,133.45271002710027,Rosu
98.38096240179574,203.8236531986532,218.57891414141415,Albastru
120.86571815718158,150.41869918699186,133.45271002710027,Rosu
98.38096240179574,203.8236531986532,218.57891414141415,Albastru
123.14901104234923,150.77563402499698,138.57990535129233,Rosu
99.4167032967033,209.3919120879121,219.27964835164835,Albastru
111.26846094053634,147.8782549553051,143.68412359113876,Rosu
98.31325714285714,196.74891428571428,198.72754285714285,Albastru
114.81424501424502,156.90560303893636,145.93846153846152,Rosu
101.29238095238095,177.93412698412698,171.04825396825396,Albastru
131.2908401870666,161.8261570714401,159.4560554749234,Rosu
103.69608294930876,165.5110599078341,154.1479262672811,Albastru
142.18847539015607,166.20018007202881,170.8984843937575,Rosu
107.04873294346979,147.16471734892787,142.638726445744,Albastru
156.6638655462185,175.8656156677547,189.2280713938468,Rosu
162.26703698685816,184.64835388158787,200.21081154315132,Rosu
168.84896694214876,187.91487603305785,202.899173553719,Rosu
173.01507363156432,189.64024729091415,201.70193109196998,Rosu
173.22930155668826,190.7404601184736,204.08947513431602,Rosu
173.22930155668826,190.7404601184736,204.08947513431602,Rosu
173.93878694495027,191.49313629359855,206.1091889620395,Rosu
172.93048433048432,192.4375356125356,205.91495726495725,Rosu
172.44990892531877,190.66862827518565,212.0887627854841,Rosu
172.6415028821446,192.66837974859365,220.27592193902353,Rosu
172.75204802259887,195.17069209039548,228.3276836158192,Rosu
172.0176308539945,192.61535812672176,227.91391184573004,Rosu
171.57431129476583,191.60488980716252,223.78333333333333,Rosu
171.30532212885154,190.40616246498598,216.75693277310924,Rosu
171.06438746438747,188.92507122507124,201.79480056980057,Rosu
170.68587459246342,189.1715065584957,176.58927894457503,Rosu
170.68587459246342,189.1715065584957,176.58927894457503,Rosu
170.4693703672148,182.19919911391327,146.25210871602624,Rosu
165.88123663578048,167.22933000712757,134.78162865288667,Rosu
167.45751558531518,143.92634495497575,128.3248672362041,Rosu
167.11993464052287,114.06062091503269,136.8717320261438,Rosu
143.14168458080906,107.39437170216924,137.46198944694157,Rosu
20.313533834586465,150.54360902255638,249.26165413533835,Galben
20.81796311146752,153.5372894947875,253.9037690457097,Galben
21.608935128518972,155.093635250918,250.34088127294982,Galben
25.01854066985646,152.22547846889952,252.19796650717703,Galben
22.80631276901004,147.02510760401722,246.99641319942612,Galben
41.27934955050238,130.6923585404548,234.237176097303,Galben
35.21907096171802,141.70716619981326,237.16491596638656,Galben
35.21907096171802,141.70716619981326,237.16491596638656,Galben
23.05542857142857,155.01542857142857,245.90811428571428,Galben
26.92537893509522,155.0425573260785,240.94170229304314,Galben
36.20828125,142.74015625,229.06046875,Galben
20.394019933554816,143.4112956810631,251.95880398671096,Galben
22.871148459383754,148.57843137254903,250.74929971988794,Galben
23.89181049461369,156.99212324800186,243.77180586123018,Galben
24.10731707317073,143.97642276422764,242.29756097560977,Galben
19.667816091954023,126.8183908045977,254.55632183908045,Galben
19.571770334928228,134.87081339712918,254.652312599681,Galben
24.303603603603605,151.10684684684685,241.32306306306307,Galben
24.059848484848484,127.30530303030304,242.7409090909091,Galben
109.08928571428571,130.71456916099774,190.22704081632654,Albastru
84.28308868878747,153.89157518194153,211.05045022819786,Albastru
82.29167196439924,157.42186904005086,212.2879847425302,Albastru
82.3423517169615,159.8194588969823,211.79734651404786,Albastru
83.18412698412699,163.36296296296297,207.1505291005291,Albastru
81.96076068032677,162.91187893397617,198.59541984732823,Albastru
81.96076068032677,162.91187893397617,198.59541984732823,Albastru
79.58777573529412,164.92723651960785,201.10079656862746,Albastru
78.44715719063545,163.6478260869565,197.9334448160535,Albastru
78.76245421245422,162.70641025641027,195.8084249084249,Albastru
79.040589569161,156.9251700680272,193.015873015873,Albastru
75.85684523809523,157.04196428571427,193.17529761904763,Albastru
74.48840336134454,155.50487394957983,190.050756302521,Albastru
87.10253699788584,143.15644820295984,181.0105708245243,Albastru
87.49488304093568,134.58406432748538,168.1469298245614,Albastru
95.62583612040133,98.97658862876254,104.81145484949833,Albastru
95.67534722222223,99.27662037037037,102.63136574074075,Albastru
95.54920100925148,98.90201850294365,107.55634987384357,Albastru
95.85268893149026,97.24533346786399,100.89799212995662,Albastru
96.24078431372548,99.30705882352942,101.06941176470588,Albastru
95.54920100925148,98.90201850294365,107.55634987384357,Albastru
95.85268893149026,97.24533346786399,100.89799212995662,Albastru
96.24078431372548,99.30705882352942,101.06941176470588,Albastru
85.76599502487562,87.08298507462686,114.74432835820896,Albastru
96.3615301724138,99.83135775862068,99.62015086206897,Albastru
95.81990691013247,98.08055853920516,130.44647332617257,Albastru
88.39256313382383,90.13515609465102,111.79123086100617,Albastru
83.24392752733966,85.8690944526654,119.12170209694301,Albastru
85.32323767334361,94.97613315356959,117.68170582948126,Albastru
77.32230335394927,89.10233495899517,125.44926845217012,Albastru
77.90610235175453,94.32651165259861,128.0066756914583,Albastru
78.0269649495486,93.20294742432289,127.21464418481148,Albastru
95.72970085470085,98.11004273504274,109.44337606837607,Albastru
74.47617372130937,94.40949767190926,130.0093944618416,Albastru
75.03470602526725,92.68176627793974,127.81658163265305,Albastru
71.58628955968352,93.30138458892328,131.13537366701067,Albastru
95.26666666666667,99.03771929824562,107.95877192982456,Albastru
73.99969273313873,90.98561754730137,128.25037522010945,Albastru
95.26666666666667,99.03771929824562,107.95877192982456,Albastru
73.99969273313873,90.98561754730137,128.25037522010945,Albastru
91.44948646125117,91.15574229691877,113.18057889822596,Albastru
69.9210547875064,91.1062775217614,131.19383512544803,Albastru
96.12966537966538,108.20736808236808,95.74742599742599,Albastru
91.2164705882353,91.18776470588236,113.82352941176471,Albastru
66.57280617164899,93.34037117866991,134.9549053443638,Albastru
87.81782155797102,92.78996829710145,101.12064085144928,Albastru
68.48045782906463,91.16931231822873,132.50112580917533,Albastru
88.74767880828487,90.51004999489848,113.66564636261606,Albastru
68.3670062746323,91.21104996738661,133.11478075534447,Albastru
91.49435897435897,94.21538461538462,115.49897435897437,Albastru
91.85444444444444,93.52666666666667,112.92027777777778,Albastru
71.09055501460564,89.81900154170724,132.2805400032457,Albastru
93.09208754208754,94.0047138047138,111.27138047138047,Albastru
69.7554204270306,91.97583278303617,136.54960011739672,Albastru
88.06150793650794,86.2443783068783,119.17923280423281,Albastru
92.80588235294118,93.36318082788671,112.07124183006536,Albastru
71.83493426910385,88.63831770806054,133.4677525794794,Albastru
74.50818537609774,88.79025868652157,131.0171821305842,Albastru
75.99254442055998,85.33332426328535,125.72626595194689,Albastru
80.69683998897482,85.78855975485189,119.9600175105793,Albastru
80.69683998897482,85.78855975485189,119.9600175105793,Albastru
77.53433098591549,83.73935837245696,122.75803990610329,Albastru
95.34943473792394,99.65274922918807,102.07001541623843,Albastru
95.38768276473195,99.88982425047999,101.1654113129523,Albastru
76.20753933566434,82.76850961538462,123.69460227272727,Albastru
95.2626923076923,99.85961538461538,120.13307692307693,Albastru
85.54185556994818,90.59739313471502,115.00380505181347,Albastru
94.94844223876481,97.60738902674386,124.72677143644886,Albastru
89.80587121212122,92.60984848484848,113.18276515151516,Albastru
95.40269886363636,100.86292613636364,101.5390625,Albastru
95.4831615120275,100.65773195876288,100.91168384879725,Albastru
86.7073754789272,88.71623563218391,123.77490421455938,Albastru
95.2684679505605,100.61684392066685,101.49956884162116,Albastru
95.5734149054505,101.21635150166853,100.81813125695217,Albastru
95.22716627634661,100.75263466042155,103.52137002341921,Albastru
95.60433604336043,98.97892201144234,124.70551038843722,Albastru
87.0491651205937,89.14359925788497,115.50946196660482,Albastru
94.31662389506701,97.65400627316795,101.50647276874822,Albastru
75.46549243479068,83.27740647916086,118.41060985797827,Albastru
95.7232286172896,101.01008942903005,100.09905984865857,Albastru
75.46549243479068,83.27740647916086,118.41060985797827,Albastru
95.7232286172896,101.01008942903005,100.09905984865857,Albastru
69.96913231408367,83.35423762466971,121.23797595955585,Albastru
62.650131555071674,84.19931727454183,126.59901787334422,Albastru
64.42771371597017,92.75295864400901,130.52420019074043,Albastru
95.04596622889306,98.55722326454034,108.16510318949344,Albastru
66.12544496487119,93.93435597189695,129.51543325526933,Albastru
95.3253682487725,99.27790507364975,109.7126022913257,Albastru
63.18849701023614,93.56408229451708,130.8679537853451,Albastru
94.58199847444699,105.57170099160946,103.47826086956522,Albastru
95.8842383107089,104.79147812971343,107.3921568627451,Albastru
95.09469891919711,99.9396551724138,107.59225424601132,Albastru
63.05992056020299,97.680689673723,130.4847710502013,Albastru
56.25745257452574,145.1282746160795,129.30352303523034,Verde
83.58191256830601,86.87622950819672,110.49672131147541,Albastru
63.76378760915449,99.01499813764848,128.0641807722551,Albastru
66.64974747474747,172.85681818181817,99.28308080808081,Verde
60.9012987012987,164.437012987013,123.9487012987013,Verde
82.16470588235295,90.89872122762148,98.9848252344416,Albastru
64.28378333053831,95.88741237632064,126.48589636089217,Albastru
68.43832649338805,182.45109439124488,113.05335157318741,Verde
25.88206896551724,178.64586206896553,211.50620689655173,Galben
85.79342532467533,96.77232142857143,96.08056006493507,Albastru
95.96359959555106,98.99865183687226,113.11931243680485,Albastru
64.79359626387598,99.53174971881266,124.5696794464277,Albastru
71.87042617305208,206.98744439661357,136.3875735399627,Verde
82.02752976190476,138.58928571428572,123.53125,Albastru
83.57226553896304,95.02268622527642,94.80996431875248,Albastru
70.60275586809846,99.5480281288606,119.53270455193386,Albastru
71.73127259130001,212.48099214757573,139.76797955876853,Verde
83.82459016393443,141.3065573770492,125.30928961748634,Albastru
83.31975,93.27070833333333,96.28075,Albastru
69.83065396931629,97.73595367233214,120.19938837067711,Albastru
71.98220836390315,215.06016140865736,142.7178405478112,Verde
83.82459016393443,141.3065573770492,125.30928961748634,Albastru
83.31975,93.27070833333333,96.28075,Albastru
69.83065396931629,97.73595367233214,120.19938837067711,Albastru
71.98220836390315,215.06016140865736,142.7178405478112,Verde
83.46229508196721,158.23508196721312,131.82819672131149,Albastru
82.28202399380805,89.67114938080495,98.76654411764706,Albastru
70.33153673835126,96.14294802867383,120.30477598566308,Albastru
70.74449517424723,212.0386638155233,144.62023926486737,Verde
81.73468740082514,85.27311964455728,103.66042526182164,Albastru
96.61813537675607,98.6669859514687,115.71264367816092,Albastru
65.54304087193461,96.04372752043597,124.53729155313351,Albastru
69.10250724884871,209.29700380919894,144.38029450224573,Verde
83.01267710663684,89.16835885963403,98.85166064360695,Albastru
96.82794117647059,98.23872549019607,115.52843137254902,Albastru
65.2780521560552,96.8946722249195,124.8645371191955,Albastru
69.70105286738351,209.83949372759858,146.1114471326165,Verde
78.3666805903648,82.90392648287386,103.82226399331662,Albastru
66.82587359792925,99.61091338318474,124.7699705205637,Albastru
69.41951349906442,207.73017909649826,149.29580326116013,Verde
93.7791902071563,106.55508474576271,97.07062146892656,Albastru
90.96245560629123,89.26382546930492,114.77156265854896,Albastru
68.66067671809256,103.26984437371885,125.15474296040566,Albastru
69.10958543771044,207.35621843434345,151.48574284511784,Verde
96.35816035816036,116.47578347578347,93.00773300773301,Albastru
92.93613138686132,94.80057351407716,112.4082377476538,Albastru
68.00135925148791,100.97853570344563,126.32908402285653,Albastru
69.64897223988133,208.70311506675142,154.40691883873703,Verde
67.56707601833435,96.26390210153075,126.02987114070743,Albastru
70.33386683738796,210.96734955185659,157.68533930857873,Verde
94.87903225806451,96.94462365591397,109.1736559139785,Albastru
69.94581409845247,100.8605512543702,125.22556078523483,Albastru
71.19956355701036,212.41178396072013,159.42880523731588,Verde
70.53403050862106,97.58796076228339,125.17208634026187,Albastru
72.2812199400215,215.3098511854241,160.8711028121994,Verde
69.8194367980621,89.74112255009909,121.25507872715261,Albastru
73.23275462962962,216.52806712962962,165.36921296296296,Verde
69.8194367980621,89.74112255009909,121.25507872715261,Albastru
73.23275462962962,216.52806712962962,165.36921296296296,Verde
71.54127456819535,90.55850208457416,117.89940440738535,Albastru
73.04982778415614,213.0597588978186,170.12388059701493,Verde
76.87657992565056,90.89243537650212,113.71728192271117,Albastru
72.22611272707316,208.217167005104,172.39975852038856,Verde
96.10902777777778,99.21875,137.3388888888889,Albastru
79.04540152996466,97.04361771465815,116.90984871874035,Albastru
71.53713499788405,204.25592467202708,175.14176893779094,Verde
96.105748135147,99.33479596314173,130.99868363317245,Albastru
76.13714185883997,93.13827742837177,115.05821977638016,Albastru
71.66185300207039,203.04808488612835,180.3613871635611,Verde
75.52175321170247,88.7530677606247,117.9841663967757,Albastru
95.95090439276485,97.51356589147287,104.09409991386735,Albastru
70.90972222222223,198.7642386091127,181.27448041566745,Verde
95.22246808510639,97.31489361702128,104.46723404255319,Albastru
95.62862468931235,98.6940762220381,103.02630488815244,Albastru
72.65771082466222,195.61344929336855,192.48149298545323,Verde
95.49277777777777,99.08611111111111,104.75222222222222,Albastru
73.98432682425488,195.31819116135662,194.58715313463514,Verde
74.1859771769302,197.08625475480622,193.46088208080602,Verde
73.18486275629132,187.19123733409447,194.0830597973455,Verde
72.90123287671233,187.81844748858447,189.7643378995434,Verde
74.18501783590963,195.59576694411416,189.50929845422115,Verde
74.18501783590963,195.59576694411416,189.50929845422115,Verde
73.5892167677882,192.02969295826438,192.84620334620334,Verde
73.37421693216395,196.17607839627706,188.87300877035977,Verde
74.21507487216947,204.44635682980277,187.35116873630386,Verde
74.2890796201607,204.3585646457268,189.20822680788896,Verde
74.14636596055514,204.16567750182614,190.99214755295836,Verde
74.42659496230925,204.1511307225593,191.67608935466077,Verde
74.42631917631918,203.10976282404854,193.55989152417723,Verde
74.61759533506108,201.95214735283227,194.51198630136986,Verde
74.38700928564862,200.45412337960835,193.1835064815666,Verde
74.31906775765377,200.6007171094971,191.4683736324354,Verde
74.39848422590512,200.08610692599188,190.33703145687807,Verde
74.53033458281271,199.72960340598826,190.57633393493452,Verde
74.76374490929285,198.8389485375787,191.4810718252499,Verde
74.91622402385612,200.48611499394278,190.14295033081726,Verde
74.53911564625851,197.9946221731936,189.38449163449164,Verde
74.89370169836643,197.84251932065342,188.6484798000833,Verde
73.84133393829401,194.433166969147,183.82735934664248,Verde
72.38105980184005,188.71023531493276,180.1539720452937,Verde
68.78676437731802,189.46570445506947,171.9863264667769,Verde
140.41142857142856,133.185306122449,170.36285714285714,Rosu
65.96758044133372,187.3423738699329,165.33046563623992,Verde
115.6617262423714,131.91521360069748,170.60636442894508,Rosu
64.07167832167832,183.8539627039627,158.54988344988345,Verde
109.58262411347518,136.00336879432624,169.46081560283687,Rosu
63.02784380305603,172.33528013582344,152.86954159592528,Verde
94.65979853479854,131.95985958485957,163.57051282051282,Rosu
61.504490190660405,166.63885051119092,155.16807129041172,Verde
84.08984440354693,130.21443310467905,142.29892365177625,Rosu
72.41439024390245,162.0838211382114,161.2569918699187,Verde
93.65992753242661,134.8835792679725,147.55463950007876,Rosu
68.10500556173527,155.03147942157952,156.76462736373747,Verde
100.18948412698413,138.80090852130326,146.84978070175438,Rosu
65.20559440559441,141.3979797979798,152.03589743589743,Verde
126.35978009259259,156.58940972222223,155.86712962962963,Rosu
57.77346506704305,128.0074100211715,139.2819336626676,Verde
132.3302352446965,158.13001470279352,161.68094938038226,Rosu
137.84192018754328,161.96291757685546,155.90058074484523,Rosu
141.8513457556936,167.88612836438924,158.5228260869565,Rosu
153.98581560283688,177.13255778356037,166.79963263431807,Rosu
159.05146769109535,180.76812450748622,174.69060283687944,Rosu
96.33370660694288,98.57782754759239,105.76409107876073,Albastru
162.07424847792998,181.7972792998478,181.19306506849315,Rosu
96.33252387890562,97.78598024931196,109.3294479520803,Albastru
96.51800411522633,98.43672839506173,105.09310699588477,Albastru
161.88640387661914,180.2972695927686,185.18055167272388,Rosu
94.82165404040404,95.06944444444444,119.64614898989899,Albastru
96.25987006496752,98.16924870897884,109.21172746959853,Albastru
96.58228840125392,97.65979623824451,104.38777429467085,Albastru
163.42144030025804,179.99582453671124,187.957729298616,Rosu
96.48901470339699,97.7546053743451,113.26170356599629,Albastru
96.68315972222223,98.80034722222223,102.26605902777777,Albastru
165.33861301369862,180.73972602739727,189.98815639269407,Rosu
94.88599857853589,96.13909026297085,120.3049751243781,Albastru
96.39213114754098,98.57622950819672,104.4455737704918,Albastru
96.83253205128206,97.58867521367522,102.1696047008547,Albastru
165.22954718417049,180.78472222222223,192.63351407914763,Rosu
96.50481481481482,98.29407407407408,120.01666666666667,Albastru
96.25080848005749,98.62912581489657,107.7419023664083,Albastru
96.44429906542057,98.39084112149533,104.28598130841121,Albastru
166.35966088705814,181.32091196474758,194.98610978063033,Rosu
96.06354030974092,97.5188884064264,115.05970473295702,Albastru
96.33936080740118,99.22224558452481,103.93650126156435,Albastru
96.6439144736842,98.19613486842105,102.93873355263158,Albastru
167.0541718555417,181.91450330491426,198.71252035635598,Rosu
96.49333333333334,98.64350877192983,118.92280701754386,Albastru
95.9296133776091,97.27792931688805,108.15476755218216,Albastru
96.11655172413793,99.09275862068965,104.29758620689655,Albastru
164.97483828006088,181.5785292998478,197.9295091324201,Rosu
95.46088099934254,98.69033530571993,112.89940828402366,Albastru
96.01365777080063,98.11255886970173,106.67613814756672,Albastru
96.18121442125238,98.30265654648956,105.53557874762808,Albastru
166.04195011337868,180.7574640967498,198.5977418745276,Rosu
95.7337386018237,98.38662613981764,105.42705167173253,Albastru
95.8975975975976,98.07357357357357,104.67567567567568,Albastru
167.3717710860568,182.0898149469578,202.82722039864896,Rosu
96.00106044538707,96.99893955461293,103.75053022269353,Albastru
168.5378345792139,182.60077164215096,204.1224981914637,Rosu
95.81168359941945,96.92743105950653,111.62191582002903,Albastru
96.01217391304348,97.58869565217391,105.68260869565218,Albastru
168.33428848955805,182.50140845070422,207.94905293831957,Rosu
167.47803231251507,182.2431637328189,210.41519170484688,Rosu
95.71879286694102,97.71810699588477,115.07201646090535,Albastru
96.0,98.17291666666667,105.58819444444444,Albastru
169.28692292644757,183.6493544600939,212.63800860719874,Rosu
95.51661706349206,97.921875,111.23958333333333,Albastru
95.76510871426126,97.51823317925013,104.7623694572847,Albastru
169.64593114241,183.77748435054772,213.0953149452269,Rosu
95.79831097863885,99.29706905116741,106.76502732240438,Albastru
168.61355196527612,182.68078128767783,212.24620207378828,Rosu
169.08826934207988,182.98427551611036,211.23345552768666,Rosu
95.92581453634085,98.31378446115288,107.54736842105264,Albastru
169.5983370017119,183.94722426021033,211.87322083639032,Rosu
169.4610490529383,183.33540553666828,212.32549781447304,Rosu
95.88913043478261,99.09347826086956,104.8804347826087,Albastru
95.84081632653061,99.09659863945578,105.14081632653061,Albastru
169.8230694511899,183.52258377853326,211.02782904322487,Rosu
95.955,98.18722222222222,109.23555555555555,Albastru
95.98424369747899,98.3623949579832,106.5719537815126,Albastru
169.269451189898,183.42365225837784,210.05318115590092,Rosu
95.78136200716845,98.70370370370371,106.54719235364396,Albastru
170.98600985221674,185.20512315270935,209.97733990147782,Rosu
95.9800874210782,97.54249635745508,105.14473045167557,Albastru
170.92379310344828,185.28768472906404,206.88472906403942,Rosu
95.43823529411765,98.69901960784314,109.68823529411765,Albastru
95.82278963414635,97.89939024390245,105.1265243902439,Albastru
171.46643356643358,186.54355644355644,205.016983016983,Rosu
95.73124712379199,98.5062126092959,114.80027611596871,Albastru
95.93422459893048,97.90454545454546,104.48716577540107,Albastru
172.3793328973185,187.3120692257383,202.5743824520803,Rosu
95.59752120026093,98.03979125896934,107.9624918460535,Albastru
171.7785996554869,186.87668456783868,195.49625088661466,Rosu
95.68629961587708,97.66111822449851,111.29107981220658,Albastru
95.93866985264835,98.68857029072083,103.6284348864994,Albastru
168.2008308845881,184.60391123720743,185.31644543520113,Rosu
95.52445369406868,98.92247658688866,107.72840790842872,Albastru
167.18929537221285,184.93897647839177,180.8754018062146,Rosu
95.84267053701016,97.12336719883889,110.08185776487663,Albastru
166.70840932117528,184.985663627153,180.506484295846,Rosu
95.8825,98.28611111111111,110.28083333333333,Albastru
95.85241502683363,97.90116279069767,105.92128801431127,Albastru
96.17162778224726,97.52185572539555,104.95762939125771,Albastru
165.01976861167003,183.84491951710262,177.7670523138833,Rosu
95.96786833855799,97.82353709508882,119.36128526645768,Albastru
95.97241245638972,98.55685489081277,105.27904121979584,Albastru
96.24751580849141,97.86630532971996,102.7865100873231,Albastru
164.34198355601234,183.86593011305243,171.05596094552928,Rosu
90.86678571428571,91.64678571428571,124.345,Albastru
95.73501326259947,99.09389920424402,112.12665782493369,Albastru
96.02835213032581,98.84549916457811,104.77469715956558,Albastru
165.23708254568368,184.26832598193656,168.40978785969335,Rosu
87.61646216768916,91.25109918200408,118.98675869120655,Albastru
165.44418189455996,183.75304557865994,168.2882797731569,Rosu
96.52052785923753,99.39406158357771,102.80351906158357,Albastru
88.80141149286719,92.51140245127587,118.07589913602571,Albastru
165.38955887019995,183.6514863006453,165.9198667089813,Rosu
81.39016172506739,84.39882824198862,126.95541329739443,Albastru
162.62271236644452,182.2611340315244,163.01073733206388,Rosu
80.60442894254001,85.22640652533289,125.94323033044489,Albastru
161.26273444160273,182.37803708439898,160.33333333333334,Rosu
96.3108504398827,99.85410557184751,132.9934017595308,Albastru
79.11655761924862,84.10399957788096,126.3167299845223,Albastru
161.3187872975277,182.82832480818414,162.0597293265132,Rosu
96.19089390142021,97.82080200501254,143.10850041771096,Albastru
85.18926553672317,89.99785995548707,121.25992980653997,Albastru
161.92952984113353,183.74114426792616,163.65870545298412,Rosu
96.5357905982906,98.62660256410257,144.13372507122506,Albastru
88.71621621621621,92.70297150676898,118.61062509163774,Albastru
160.8201289360115,182.77921040012788,164.14470669721348,Rosu
96.68294117647059,98.50676470588235,144.45411764705884,Albastru
89.50111881852763,93.41908144998881,116.48906354889237,Albastru
96.29072435267126,97.4978695509669,105.43920026220911,Albastru
160.495257885763,182.59010017050298,163.19868925831202,Rosu
90.53755320253296,93.36912176891934,116.04287345582892,Albastru
163.4775574681338,185.01220176489815,162.6865671641791,Rosu
91.99482094359881,94.50148424177351,115.69443567232994,Albastru
161.0493106244931,183.73144092998106,162.08942957556096,Rosu
88.83221997825073,91.72595929780954,119.19922324064005,Albastru
96.3158371040724,97.73212669683258,105.61719457013575,Albastru
159.37269855104043,182.97499727639178,159.22921886915785,Rosu
96.15777777777778,97.80666666666667,118.70666666666666,Albastru
95.95185850751915,98.82067530502222,107.98581291970113,Albastru
96.10946833930704,98.83990442054959,105.79256272401433,Albastru
159.37269855104043,182.97499727639178,159.22921886915785,Rosu
96.15777777777778,97.80666666666667,118.70666666666666,Albastru
95.95185850751915,98.82067530502222,107.98581291970113,Albastru
96.10946833930704,98.83990442054959,105.79256272401433,Albastru
159.65440763615945,183.43801235261088,153.16406513194835,Rosu
96.3659961064244,97.82305861994377,121.2182565433701,Albastru
96.04743314464181,98.62424360726138,107.50048799531524,Albastru
96.16938920454545,97.2890625,104.42755681818181,Albastru
148.04156538648516,180.91468157510937,139.82073407875546,Rosu
95.40467532467532,96.76633766233766,113.4427012987013,Albastru
96.24390547263681,98.50783582089552,105.55012437810946,Albastru
103.75944055944056,176.13804195804195,129.38118881118882,Rosu
96.0170468187275,98.37294917967186,111.20344137655061,Albastru
96.18754925137904,98.32056737588653,105.53837667454688,Albastru
96.33001893939394,98.27935606060606,103.50426136363636,Albastru
87.63067107750473,158.29324196597352,114.17013232514178,Rosu
113.90652173913044,194.23985507246377,137.5840579710145,Rosu
20.415711947626843,134.25040916530278,216.95035460992906,Galben
94.8511655011655,94.98461538461538,114.71631701631702,Albastru
96.10825966486344,97.86198706953424,105.43422615120728,Albastru
130.89506172839506,141.9958024691358,114.53061728395062,Rosu
80.14126984126985,175.84179894179894,129.77566137566137,Rosu
95.61648444070647,96.67381553125877,115.12265208858985,Albastru
96.09589160839161,98.31145104895104,106.41153846153846,Albastru
143.17997165800662,135.87230357424028,121.39883482916076,Rosu
96.48359788359788,97.70440917107584,115.75520282186949,Albastru
95.96504559270517,98.9872340425532,112.72279635258359,Albastru
96.21320249776984,98.39406779661017,105.41726137377341,Albastru
96.20493827160495,98.11682098765432,104.99768518518519,Albastru
147.50219005903637,115.1569224909541,125.78784993334602,Rosu
95.62130754236017,96.94811815864448,114.02466636677163,Albastru
96.07779349363508,98.26789250353607,106.28458274398868,Albastru
131.08739837398375,116.35569105691057,127.14193766937669,Rosu
96.10698314413484,98.04884760921912,108.89232886136911,Albastru
95.9090909090909,98.22016079158936,104.86641929499072,Albastru
28.66421568627451,97.96578839869281,242.83700980392157,Galben
96.06944444444444,97.82791327913279,106.94537601626017,Albastru
96.12657828282828,98.36142676767676,104.44002525252525,Albastru
30.3492931026695,113.64700302633362,229.1300871764759,Galben
94.44278526213277,95.64015581886058,119.72244765460152,Albastru
96.00903774587985,98.30489101541733,105.83997873471557,Albastru
96.15750915750915,98.19658119658119,104.9135531135531,Albastru
31.096723749952325,130.45100881040466,221.91471833403259,Galben
91.11923193685489,92.16826047358835,123.89116575591986,Albastru
96.16898132766296,97.79021861917735,105.31085121935013,Albastru
30.164070293914513,135.7879287852045,215.55743995088636,Galben
96.3796992481203,98.72598162071846,115.33667502088555,Albastru
95.9787134502924,98.47836257309942,110.28491228070176,Albastru
96.1548645320197,97.7280172413793,105.14211822660099,Albastru
29.889609392985957,137.58974752513237,210.79326222085794,Galben
95.92027537197424,98.8842993559849,111.51654452587164,Albastru
96.0732421875,98.39997209821429,106.46268136160714,Albastru
29.242274365462773,141.056629092861,204.15133041944637,Galben
95.9243664717349,97.54853801169591,113.78460038986354,Albastru
96.10346108140226,97.92193998811646,105.79181521093285,Albastru
28.847981366459628,144.83330745341615,193.21715838509317,Galben
93.3623188405797,93.35733695652173,123.15715579710145,Albastru
95.69333333333333,99.73396825396826,110.61047619047619,Albastru
96.06811594202898,99.18949275362318,106.65942028985508,Albastru
95.96273226351352,98.97782939189189,105.50717905405405,Albastru
96.04986666666667,97.77733333333333,104.9856,Albastru
28.178941311852704,146.918028385117,177.46405830456465,Galben
95.46237844731388,96.47975450342739,115.47513151602104,Albastru
96.47301136363636,97.98697916666667,103.98390151515152,Albastru
96.49699747155499,97.41419089759798,106.53255372945638,Albastru
28.09206361611504,151.57821108983626,170.71415732093314,Galben
93.11923076923077,92.57478632478633,120.4982905982906,Albastru
96.17605085625324,98.46146860404774,108.72911261027504,Albastru
96.39383561643835,97.65125570776256,106.79166666666667,Albastru
27.81980861965039,150.9592751657625,163.71835443037975,Galben
96.45883940620783,98.01124606387765,108.86099865047234,Albastru
96.6322463768116,98.91787439613526,105.14492753623189,Albastru
27.40753024535484,153.9932536840915,155.60294727320695,Galben
96.5295681063123,97.4186046511628,105.86378737541528,Albastru
27.50955882352941,151.76570855614975,161.74077540106953,Galben
96.61210999471179,98.45795875198307,111.70729772607086,Albastru
96.72852474323062,98.82399626517274,106.32282913165267,Albastru
27.596596797379068,151.52037575636012,161.71654464614048,Galben
93.9047293335939,94.83227477037326,117.30066445182725,Albastru
27.023056653491437,152.71261528326747,162.31907114624505,Galben
96.13879899316792,96.35688601222581,118.44929881337649,Albastru
97.07369710677598,98.38761662425784,108.9605126755254,Albastru
96.8880037488285,98.29217432052484,105.87886597938144,Albastru
26.762054837693036,152.38102741884651,162.3722344784116,Galben
96.21025778732546,96.59801288936627,119.22475832438238,Albastru
96.89848197343454,97.94829222011386,108.5334440227704,Albastru
26.685926576167038,151.76994701696086,163.07348653478383,Galben
97.1721873631986,98.44082883408726,111.97315044506055,Albastru
26.685926576167038,151.76994701696086,163.07348653478383,Galben
97.1721873631986,98.44082883408726,111.97315044506055,Albastru
26.280303519535035,153.66360994510816,164.86641911527283,Galben
97.21849087893864,98.59805140961858,111.89179104477611,Albastru
26.514331158502937,153.45849969162853,165.26779628006622,Galben
96.6991452991453,98.68449328449329,109.17289377289377,Albastru
96.8323201621074,98.43009118541033,108.74772036474164,Albastru
26.605540499849443,162.34005821539697,130.75685034628125,Galben
22.7989604989605,142.318711018711,249.29282744282744,Galben
96.64615384615385,96.04216524216524,121.92307692307692,Albastru
97.03223562152134,98.20384972170686,112.43552875695732,Albastru
27.10501957992168,148.65450338198647,129.9255369645188,Galben
22.53405559754766,144.09985722684135,249.85319559922735,Galben
96.95710113179993,97.4258853596203,110.7157721796276,Albastru
28.2971112397864,139.18619314160716,134.43717429067746,Galben
22.28018976423232,133.039246693502,248.46319723979298,Galben
97.07371794871794,98.0566907051282,112.63882211538461,Albastru
28.41349837901562,131.04089301503095,133.05275567344532,Galben
22.905310344827587,111.0116551724138,250.46475862068965,Galben
28.221208469616112,126.58667584782235,135.0383887071785,Galben
28.381629305631492,123.89579004920722,145.59584472389284,Galben
25.83816425120773,118.8137412775094,146.67418142780463,Galben
22.974974200206397,132.38673890608874,156.37267801857584,Galben
20.930743243243242,108.73141891891892,254.95861486486487,Galben
23.142123036264866,139.41594479518426,157.373953898106,Galben
19.960047003525265,108.37602820211517,253.79905992949472,Galben
20.070822647464983,133.459656737029,161.79325310712173,Galben
94.60294811320755,95.9747641509434,114.2495283018868,Albastru
96.26019273535952,98.23758339510749,105.02335063009637,Albastru
21.365869424692953,149.03684550743375,136.20038784744668,Galben
20.918764302059497,124.65903890160183,140.6086956521739,Galben
90.81133042809536,90.44834657780056,119.75314022045629,Albastru
96.00918484500573,99.18025258323766,107.88748564867967,Albastru
96.41919191919192,98.98419680677745,105.56500488758553,Albastru
96.35491949910555,97.75957066189625,106.43899821109123,Albastru
96.10483870967742,97.57987711213518,112.72964669738863,Albastru
96.18440023068051,97.8588523644752,106.31776239907728,Albastru
96.04581280788177,98.49704433497537,105.1088669950739,Albastru
96.37842190016103,97.67632850241546,104.88929146537842,Albastru
95.95852272727272,98.56477272727273,113.29886363636363,Albastru
96.08418367346938,98.74285714285715,106.54719387755102,Albastru
96.31632653061224,98.13285714285715,106.86367346938775,Albastru
96.43479437229438,97.95508658008659,105.6228354978355,Albastru
91.39519230769231,93.18340455840456,114.06641737891738,Albastru
96.42986425339366,99.09162895927602,140.4643665158371,Albastru
88.40041755037116,91.26560843054082,116.41092258748674,Albastru
96.51515151515152,98.03030303030303,105.02477152477152,Albastru
84.75003679175865,88.7402011282806,121.39082658817757,Albastru
96.73834745762711,98.95338983050847,138.42425847457628,Albastru
87.25910256410256,89.97375,118.56903846153845,Albastru
91.50523437781055,93.05457423462964,115.65543044213405,Albastru
90.40518725785623,92.35984359305496,117.17348256564787,Albastru
96.65235824059353,99.11579226285109,137.16984631690514,Albastru
88.80867812834562,91.28351911329429,117.11921405630078,Albastru
96.72077625570776,99.21004566210046,139.5417808219178,Albastru
85.52007856831078,89.51149425287356,119.11086861632475,Albastru
96.72077625570776,99.21004566210046,139.5417808219178,Albastru
85.52007856831078,89.51149425287356,119.11086861632475,Albastru
96.61919413919414,99.83238095238096,136.78227106227106,Albastru
88.54450767463715,92.44604260206745,117.26109428839929,Albastru
81.93828106704136,86.37810563965,125.81228843328863,Albastru
80.42201646933508,84.91503134089885,126.66000245810972,Albastru
65.49943181818182,70.26334595959597,127.57063131313132,Albastru
65.49943181818182,70.26334595959597,127.57063131313132,Albastru
101.21027777777778,141.36666666666667,131.09166666666667,Albastru
72.18929765886287,73.75899462855985,128.04319448667275,Albastru
91.89320987654321,132.80046296296297,152.03225308641976,Albastru
73.94196199280945,79.26385322148035,127.79892141756548,Albastru
98.39351285189719,83.74969400244798,209.421664626683,Albastru
98.50256410256411,93.88717948717948,220.45054945054946,Albastru
95.42140151515152,137.50355113636363,144.50118371212122,Albastru
84.97188502061384,86.35616124599176,117.88576500229043,Albastru
98.31975308641975,86.5679012345679,199.92345679012345,Albastru
99.25923913043478,97.73913043478261,231.50978260869564,Albastru
97.59425403225806,82.80342741935483,194.16834677419354,Albastru
85.43867809057528,140.65850673194615,160.67833537331703,Albastru
91.20234869015357,86.76392652815417,114.12405901836796,Albastru
96.23715415019763,98.37549407114625,105.77997364953886,Albastru
97.5748552522746,79.97435897435898,200.10228839261097,Albastru
88.44652014652014,128.02600732600732,154.97948717948717,Albastru
97.56673052362707,78.9463601532567,202.48435504469987,Albastru
83.21296296296296,119.67175925925926,161.7763888888889,Albastru
27.201704545454547,98.6123106060606,132.9431818181818,Galben
75.61066398390342,115.51257545271629,169.05935613682092,Albastru
27.914971949509116,112.49228611500702,132.51823281907434,Galben
28.752289479562208,118.00848782666965,128.6930980567344,Galben
31.063630559693554,120.80251117258992,121.53819961693978,Galben
32.21595982142857,125.18452380952381,124.28850446428571,Galben
90.26354515050167,104.7190635451505,146.18729096989966,Albastru
31.86202664796634,130.0031556802244,129.3508064516129,Galben
95.38535353535353,110.62626262626263,142.00555555555556,Albastru
31.262127801940448,131.88424222147876,133.8427567748411,Galben
92.18928571428572,116.375,147.02103174603175,Albastru
30.883638701382193,130.52667952426873,134.3709418193507,Galben
97.03974167908594,98.22901142573274,146.301043219076,Albastru
91.40608108108108,119.38682432432432,149.98918918918918,Albastru
30.76513240857503,130.71169609079445,134.9345838587642,Galben
87.58857808857809,119.2132867132867,155.0731351981352,Albastru
31.38039543302701,129.40629351155667,136.0151768309663,Galben
96.7073055028463,98.56451612903226,141.6888045540797,Albastru
74.70695153061224,114.99330357142857,169.99633290816325,Albastru
31.10360655737705,129.4904918032787,139.88904918032787,Galben
70.1391723356009,118.92701247165533,174.8795351473923,Albastru
30.52497963616617,129.42641868042358,139.62503393972304,Galben
71.1296134844522,115.99622202848009,173.45960476605637,Albastru
30.836266666666667,130.66346666666666,140.26213333333334,Galben
69.94451861741581,117.86604361370716,175.79083222073876,Albastru
31.24073093220339,133.43418961864407,142.91485699152543,Galben
67.0569526627219,117.81686390532545,177.3415680473373,Albastru
32.113352272727276,133.321875,144.56363636363636,Galben
68.17601102941177,115.03707107843137,176.0765931372549,Albastru
34.30673076923077,129.6543956043956,144.62115384615385,Galben
66.47979797979798,117.50579322638146,178.2654486036839,Albastru
33.4825,129.29397058823528,146.54470588235293,Galben
64.77906617192332,118.58209647495362,178.38095238095238,Albastru
34.231435828477515,126.66905722396534,145.8416255789631,Galben
65.65292096219932,116.38034989065918,178.12558575445172,Albastru
35.007990867579906,124.34189497716895,145.74215182648402,Galben
65.17784926470588,114.83149509803921,177.9375,Albastru
33.6027417027417,124.95930735930736,145.53131313131314,Galben
65.3579916815211,113.38413547237077,176.7396019013666,Albastru
33.76170267489712,126.56069958847736,145.41820987654322,Galben
68.8082788671024,113.6327614379085,173.11737472766885,Albastru
33.87364189482834,129.83083441981748,140.8200782268579,Galben
73.08109589041096,106.79780821917808,171.0754794520548,Albastru
32.16475452196382,130.90811369509044,137.9750904392765,Galben
71.57664884135473,106.09699940582294,170.2314319667261,Albastru
32.44269242140534,130.7648566078644,137.1360993397063,Galben
22.067441860465117,144.8360465116279,250.5418604651163,Galben
69.52077846063798,113.63798653789874,171.49648814749781,Albastru
31.679411163361276,131.89061541607035,137.170926190963,Galben
18.83447488584475,152.2785388127854,252.63995433789955,Galben
18.109733700642792,168.2860422405877,254.35491276400367,Galben
68.94664031620553,109.6038208168643,172.36930171278,Albastru
31.97233830845771,130.73592039800994,135.0012935323383,Galben
18.38352209638019,155.05685098823008,252.10970464135022,Galben
23.037380699893955,153.98860021208907,240.07847295864264,Galben
71.47557086363057,106.23574435514735,166.43513203214695,Albastru
33.42874087591241,128.9103102189781,132.44899635036495,Galben
19.061687031927473,154.36283011430822,251.19885691761922,Galben
24.415311004784687,153.8547846889952,240.02224880382775,Galben
73.77729885057471,108.29075235109718,163.60148902821317,Albastru
32.457803574718994,129.50027639579878,130.31260364842456,Galben
18.599780941949618,161.0998904709748,251.47973713033954,Galben
23.136524822695037,158.4459219858156,245.4113475177305,Galben
76.03768115942029,103.10447957839263,161.3083003952569,Albastru
29.27721685689201,127.78149692712906,128.0737489025461,Galben
18.174436674436674,143.23957523957523,250.06746956746957,Galben
75.18557142857144,96.15671428571429,156.88671428571428,Albastru
29.415237246602807,122.09389619068835,126.1250835375362,Galben
17.8373417721519,137.17088607594937,249.99367088607596,Galben
82.03212496315945,92.89832007073386,157.2130857648099,Albastru
29.261954261954262,122.03449253449253,126.62285012285012,Galben
20.123456790123456,128.8193158436214,246.9031635802469,Galben
84.1823575949367,86.79588607594937,153.82318037974684,Albastru
26.32578811369509,133.46883720930234,129.5584496124031,Galben
21.317617866004962,127.43479459608491,246.81058726220016,Galben
25.07472083630316,133.7808267997149,130.67890235210263,Galben
21.25818759936407,115.33879173290939,249.19634340222575,Galben
24.337746750120367,126.8736157920077,132.0930428502648,Galben
20.980027548209367,107.6010101010101,253.3170339761249,Galben
24.105190744215136,122.32995622263915,134.339837398374,Galben
18.892992424242426,126.29640151515152,253.97253787878788,Galben
24.548391770501304,113.7022602144306,135.98956824108953,Galben
23.979213907785336,119.24829931972789,138.52645502645504,Galben
24.77300724637681,119.18224637681159,137.82264492753623,Galben
24.464864158829677,120.93416927899686,132.24817136886102,Galben
23.006752701080433,148.3185774309724,119.1797719087635,Galben
25.220659340659342,151.48681318681318,117.56505494505494,Galben
26.998914812805207,161.39175257731958,115.64785675529029,Galben
96.10302511415524,97.78067922374429,101.71175799086758,Albastru
96.63917151162791,98.53815406976744,101.19731104651163,Albastru
96.10302511415524,97.78067922374429,101.71175799086758,Albastru
96.63917151162791,98.53815406976744,101.19731104651163,Albastru
96.75361781076067,100.34359925788497,117.88756957328386,Albastru
78.67021985343105,82.22694870086609,115.62155229846769,Albastru
77.49814156431803,81.32530704589529,114.03172807584572,Albastru
91.04598825831702,90.53196347031964,127.25929549902153,Albastru
68.79274624458111,72.53432805726383,122.52812783546729,Albastru
71.05771896660366,75.09056920814955,121.73810123923545,Albastru
73.24237772703724,76.36997524799969,121.07199186445881,Albastru
76.752257125026,81.36453089244851,120.40846681922197,Albastru
96.41811846689896,99.24332171893147,121.0952380952381,Albastru
96.42428315412187,98.29301075268818,105.48655913978494,Albastru
82.47408793697004,85.31050576465424,118.30988193433608,Albastru
87.02972852692479,89.05874499332444,114.30155763239875,Albastru
96.606288280931,99.35067374438546,101.672029399755,Albastru
92.027808676307,92.31757508342604,108.42324805339265,Albastru
92.85576124362169,93.92755428978285,107.04503381986473,Albastru
83.81917211328977,84.21931735657226,118.22730573710966,Albastru
96.27644332069111,98.25684787189212,102.00811209439529,Albastru
83.81917211328977,84.21931735657226,118.22730573710966,Albastru
96.27644332069111,98.25684787189212,102.00811209439529,Albastru
96.21851851851852,99.91375661375662,101.35661375661375,Albastru
79.94824561403509,109.57631578947368,172.67719298245615,Verde
81.5984251968504,106.24779990736452,173.3668364983789,Verde
75.37733698130415,106.13018695850432,169.12859097127222,Verde
74.01041666666667,103.92320736434108,167.5,Verde
73.63151927437642,119.59807256235828,171.17460317460316,Verde
80.76132075471698,110.27924528301887,170.37641509433962,Verde
93.82620981985164,70.159307665136,193.77899446603084,Rosu
93.82620981985164,70.159307665136,193.77899446603084,Rosu
115.89171052631579,82.54776315789474,211.81697368421052,Rosu
124.59248594542713,90.25435348964761,216.98615110379816,Rosu
108.79076086956522,87.14510869565217,138.04782608695652,Albastru
127.99315669415687,92.1802070538691,222.39094577996138,Rosu
127.5968387354942,89.38955582232893,218.32252901160464,Rosu
107.4618211514904,79.60065332788893,196.45630869742752,Rosu
102.25413711583924,218.6855791962175,98.06343577620173,Albastru
100.6483704974271,169.63899779465817,123.71642979661847,Albastru
99.98113037197544,185.7776273022752,132.8262910798122,Albastru
98.84409090909091,191.6078409090909,141.1753787878788,Albastru
96.99482139082646,195.47287395194815,145.9888677517086,Albastru
95.65513689526847,193.12689393939394,149.1102472089314,Albastru
95.64231443600234,194.22329372037146,150.6789077212806,Albastru
95.64231443600234,194.22329372037146,150.6789077212806,Albastru
95.19291563511712,194.44197930552912,152.84539452802642,Albastru
95.32730677144085,193.7637976548591,150.1719258395236,Albastru
95.44697957409822,195.02427515986838,148.73325262308313,Albastru
95.10257439190023,194.38711569329547,148.19295592048402,Albastru
95.36744774783119,195.4912475687691,147.74458954647895,Albastru
95.15275986983484,196.10947381347086,148.43141769509424,Albastru
95.1092452369321,197.01917440156328,148.73784807034684,Albastru
94.8146372740596,197.81558378114315,148.4371336101612,Albastru
94.67765905183002,199.2623434045689,148.1039056742815,Albastru
95.74207811348563,201.62757921886515,152.37555268975683,Albastru
95.74207811348563,201.62757921886515,152.37555268975683,Albastru
96.85214285714285,203.21304347826086,157.44798136645963,Albastru
96.46636212624584,204.94144518272427,155.89046128290315,Albastru
95.93790184485154,206.30829375464444,155.32115278989372,Albastru
104.77956989247312,121.97252090800478,167.3942652329749,Rosu
96.55099996769087,209.02332719459793,159.1550515330684,Albastru
97.07869281045751,210.9773202614379,163.5395751633987,Albastru
97.35625268586162,213.89957356781593,166.56533668308487,Albastru
101.17109375,104.809375,157.1189453125,Rosu
99.12808050383352,218.0037308324206,164.66898274917853,Albastru
114.84586606808828,113.02356902356902,175.93752338196782,Rosu
100.07360752225094,222.11803761125466,156.74921045076084,Albastru
119.2403112374682,121.99491246446206,194.75714499476283,Rosu
101.82847871731246,223.95537316281732,144.02718075968696,Albastru
136.10053837485916,130.07637410792537,216.2777012645549,Rosu
101.80012389015073,222.40507949618006,125.05893041503201,Albastru
142.84709193245777,140.87673545966229,227.41463414634146,Rosu
102.85436637059186,212.82763169466185,106.52202972473837,Albastru
142.84709193245777,140.87673545966229,227.41463414634146,Rosu
102.85436637059186,212.82763169466185,106.52202972473837,Albastru
144.3311765580842,145.45284843076007,225.73903019485348,Rosu
96.77877358490566,190.84874213836477,103.4756289308176,Albastru
141.64518633540374,138.24249482401657,215.42644927536233,Rosu
102.16844833171363,174.38289601554908,100.31454486556527,Albastru
139.6404255319149,106.70037546933668,212.8939090529829,Rosu
100.71191004117833,148.50475134621476,104.26274944567628,Albastru
134.721808318264,99.48224231464738,208.60538878842675,Rosu
99.01094935921364,112.80676869478661,121.49359213636929,Albastru
134.75608766233765,106.8726663961039,208.9986810064935,Rosu
103.5045751633987,99.00159767610748,129.50748002904865,Albastru
132.88081395348837,119.99916020671834,205.71337209302325,Rosu
109.22689075630252,106.51435574229691,129.55532212885154,Albastru
135.9055562896406,138.54363768498942,204.80047568710359,Rosu
116.83545918367346,109.40880102040816,127.26785714285714,Albastru
138.73951255788796,152.08082344589798,203.92614001284522,Rosu
139.9357745138039,159.406126750986,200.93529851761187,Rosu
142.41654703966947,163.37775287980114,201.00080529393227,Rosu
142.41654703966947,163.37775287980114,201.00080529393227,Rosu
145.23978055077453,162.99655765920826,206.1274024670109,Rosu
153.791412601626,165.66659407665506,215.36008275261324,Rosu
162.4946977730647,171.7168610816543,226.148689592486,Rosu
163.29428680981596,169.1730444785276,229.50851226993865,Rosu
164.98129231262268,168.00993470336098,233.9016544485839,Rosu
166.6895800150893,168.9143264313857,236.7939475228435,Rosu
166.89568439407148,165.22733217088054,239.95462074978204,Rosu
170.44953703703703,164.37226851851852,242.62652777777777,Rosu
172.7200038861362,166.34761488390168,243.11007480812202,Rosu
171.0582434664335,163.17779073156515,239.48251238705916,Rosu
163.56901868311263,157.82962996553601,232.65744603664066,Rosu
163.56901868311263,157.82962996553601,232.65744603664066,Rosu
156.54136675767353,153.22999917266483,223.96260445106313,Rosu
151.92585059171597,148.49641272189348,210.70584319526628,Rosu
150.69086180788727,144.39765619856476,197.88903153598,Rosu
145.7584541062802,138.6610946420729,179.01863746157224,Rosu
